Name,Email,Age,DistAmt
Demo 01,demo01@gmail.com,25,0 
Demo 02,demo02@gmail.com,25,0 
Demo 03,demo03@gmail.com,25,1 
Demo 04,demo04@gmail.com,25,1 
Demo 05,demo05@gmail.com,25,2 
Demo 06,demo06@gmail.com,25,2 
Demo 07,demo07@gmail.com,25,3 
Demo 08,demo08@gmail.com,25,3 
Demo 11,demo11@gmail.com,25,0 
Demo 12,demo12@gmail.com,25,0 
Demo 13,demo13@gmail.com,25,1 
Demo 14,demo14@gmail.com,25,1 
Demo 15,demo15@gmail.com,25,2 
Demo 16,demo16@gmail.com,25,2 
Demo 17,demo17@gmail.com,25,3 
Demo 18,demo18@gmail.com,25,3 
Demo 21,demo21@gmail.com,25,0 
Demo 22,demo22@gmail.com,25,0 
Demo 23,demo23@gmail.com,25,1 
Demo 24,demo24@gmail.com,25,1 
Demo 25,demo25@gmail.com,25,2 
Demo 26,demo26@gmail.com,25,2 
Demo 27,demo27@gmail.com,25,3 
Demo 28,demo28@gmail.com,25,3 
Demo 31,demo31@gmail.com,25,0 
Demo 32,demo32@gmail.com,25,0 
Demo 33,demo33@gmail.com,25,1 
Demo 34,demo34@gmail.com,25,1 
Demo 35,demo35@gmail.com,25,2 
Demo 36,demo36@gmail.com,25,2 
Demo 37,demo37@gmail.com,25,3 
Demo 38,demo38@gmail.com,25,3 
Demo 41,demo41@gmail.com,25,0 
Demo 42,demo42@gmail.com,25,0 
Demo 43,demo43@gmail.com,25,1 
Demo 44,demo44@gmail.com,25,1 
Demo 45,demo45@gmail.com,25,2 
Demo 46,demo46@gmail.com,25,2 
Demo 47,demo47@gmail.com,25,3 
Demo 48,demo48@gmail.com,25,3 